date,open,high,low,close,volume
2018-06-04,68.700000,68.700000,67.650000,68.130000,1033490
2018-06-05,68.130000,70.240000,68.050000,69.110000,2036740
2018-06-06,69.110000,69.190000,68.380000,69.190000,1170840
2018-06-07,69.910000,72.340000,69.590000,70.640000,1148300
2018-06-08,70.640000,71.050000,69.270000,69.590000,672840
2018-06-11,69.590000,70.160000,68.780000,68.780000,881240
2018-06-12,67.970000,67.970000,64.330000,66.680000,1388340
2018-06-13,67.160000,67.650000,66.680000,67.570000,665420
2018-06-14,68.380000,69.020000,67.240000,68.380000,754200
2018-06-15,67.890000,68.780000,67.240000,68.780000,1125470
2018-06-18,67.970000,68.780000,65.950000,67.970000,825840
2018-06-19,66.350000,66.350000,63.930000,64.740000,1502690
2018-06-20,64.740000,66.270000,63.120000,65.540000,986430
2018-06-21,65.540000,65.870000,64.490000,65.540000,609310
2018-06-22,65.540000,65.540000,64.010000,65.540000,606920
2018-06-25,67.570000,67.570000,65.950000,67.160000,458160
2018-06-27,66.760000,67.160000,64.740000,65.540000,418190
2018-06-28,64.740000,65.460000,62.310000,63.930000,810880
2018-06-29,62.470000,64.330000,62.470000,63.930000,683730
2018-07-02,62.630000,63.850000,59.480000,61.500000,1503790
2018-07-03,61.500000,61.900000,58.340000,59.880000,1224710
2018-07-04,59.070000,60.370000,57.450000,59.960000,967410
2018-07-05,59.230000,59.960000,58.100000,59.800000,1268230
2018-07-06,58.100000,59.960000,57.530000,59.880000,1494750
2018-07-09,59.880000,61.500000,59.150000,60.040000,414980
2018-07-10,59.880000,60.610000,59.800000,60.040000,495930
2018-07-11,59.880000,60.040000,58.750000,59.880000,962210
2018-07-12,58.830000,59.880000,58.750000,59.880000,521530
2018-07-13,59.880000,61.010000,59.480000,60.610000,453210
2018-07-16,60.280000,60.850000,59.800000,60.040000,1011680
2018-07-17,59.310000,60.280000,59.310000,60.280000,549360
2018-07-18,60.280000,62.310000,60.040000,61.500000,1230190
2018-07-19,62.310000,65.140000,62.150000,64.010000,761010
2018-07-20,64.410000,64.740000,63.200000,64.010000,766990
2018-07-23,63.930000,65.710000,63.600000,64.010000,1161850
2018-07-25,65.140000,67.970000,64.650000,65.540000,935280
2018-07-26,66.270000,66.430000,64.740000,65.540000,433810
2018-07-27,65.380000,65.950000,64.650000,65.790000,525860
2018-07-30,66.190000,66.190000,64.740000,65.870000,515970
2018-07-31,65.540000,68.460000,65.540000,68.130000,910850
2018-08-01,68.380000,68.380000,66.920000,68.130000,299790
2018-08-02,68.130000,68.620000,67.490000,68.130000,491440
2018-08-03,68.860000,68.940000,68.130000,68.780000,478550
2018-08-06,68.780000,71.530000,68.380000,70.720000,636030
2018-08-07,70.720000,73.310000,70.400000,72.830000,675440
2018-08-08,72.830000,72.830000,71.610000,72.830000,405530
2018-08-09,72.830000,73.560000,71.940000,72.750000,333290
2018-08-10,71.780000,72.420000,71.050000,72.020000,886180
2018-08-13,71.450000,74.280000,71.130000,73.560000,744800
2018-08-14,73.560000,75.660000,72.750000,75.660000,597970
2018-08-15,75.660000,75.900000,74.040000,74.040000,322230
2018-08-16,72.910000,73.720000,71.690000,72.830000,519730
2018-08-17,73.470000,73.880000,72.420000,72.500000,356510
2018-08-20,73.230000,73.230000,72.260000,72.750000,256130
2018-08-21,73.470000,74.280000,72.830000,73.070000,292260
2018-08-22,73.470000,74.690000,73.230000,74.450000,361550
2018-08-23,75.090000,75.170000,73.800000,73.800000,269120
2018-08-24,73.800000,74.450000,73.310000,73.310000,466910
2018-08-27,73.310000,74.280000,73.230000,73.800000,317350
2018-08-28,74.450000,74.450000,73.640000,73.960000,315060
2018-08-29,74.450000,75.420000,73.640000,73.640000,760740
2018-08-30,74.450000,78.490000,74.040000,78.490000,743980
2018-08-31,77.360000,78.650000,76.710000,76.870000,749680
2018-09-04,76.870000,77.930000,76.060000,76.060000,822140
2018-09-05,75.820000,76.550000,74.930000,75.250000,541780
2018-09-06,75.250000,77.280000,75.170000,76.710000,501250
2018-09-07,76.310000,76.870000,75.740000,76.870000,218340
2018-09-10,76.150000,76.870000,74.040000,74.040000,392730
2018-09-11,74.450000,74.930000,72.830000,74.850000,499990
2018-09-12,75.740000,76.470000,74.930000,74.930000,314160
2018-09-13,74.200000,76.060000,74.200000,74.770000,241210
2018-09-14,74.770000,74.770000,74.040000,74.120000,422950
2018-09-17,73.720000,74.120000,71.940000,74.120000,490340
2018-09-18,74.040000,74.040000,72.100000,72.910000,280760
2018-09-19,74.450000,75.250000,73.640000,73.800000,447450
2018-09-20,74.040000,75.010000,74.040000,74.850000,637980
2018-09-21,74.850000,76.630000,73.640000,73.640000,3712030
2018-09-24,75.250000,76.870000,75.170000,76.470000,558170
2018-09-25,77.280000,77.600000,75.980000,76.390000,289760
2018-09-26,75.660000,76.230000,75.500000,75.660000,659600
2018-09-27,75.660000,76.060000,74.450000,74.850000,442950
2018-09-28,75.580000,75.580000,74.040000,75.090000,686950
2018-10-01,75.090000,75.980000,74.120000,75.980000,1291940
2018-10-02,75.980000,76.150000,73.310000,76.060000,2307220
2018-10-03,75.660000,75.820000,74.850000,75.420000,604560
2018-10-04,75.500000,75.980000,75.090000,75.980000,1441430
2018-10-05,75.900000,75.900000,73.560000,73.640000,1591190
2018-10-08,73.150000,73.640000,70.890000,72.670000,1958530
2018-10-09,72.670000,72.830000,71.210000,71.210000,669990
2018-10-10,71.210000,71.210000,68.380000,68.380000,1323520
2018-10-11,65.300000,66.270000,63.600000,63.600000,2375010
2018-10-12,61.010000,65.790000,61.010000,65.790000,1444630
2018-10-15,65.540000,65.540000,63.120000,63.520000,1242460
2018-10-16,63.440000,64.090000,62.710000,63.600000,851250
2018-10-17,64.740000,66.190000,64.330000,65.540000,993370
2018-10-18,65.540000,65.790000,64.570000,64.900000,644320
2018-10-19,64.010000,65.540000,63.520000,65.540000,1119580
2018-10-22,65.540000,65.870000,64.090000,64.090000,551610
2018-10-23,63.930000,63.930000,60.770000,62.710000,1943490
2018-10-24,61.580000,62.630000,60.040000,60.690000,1772610
2018-10-25,57.450000,62.710000,57.450000,62.710000,2117680
2018-10-26,62.310000,62.630000,61.740000,61.900000,785650
2018-10-29,60.690000,61.980000,60.450000,61.900000,728550
2018-10-30,60.930000,63.680000,60.850000,63.120000,819270
2018-10-31,63.930000,67.160000,63.520000,67.160000,1008000
2018-11-01,66.760000,67.650000,65.710000,66.350000,831090
2018-11-05,66.920000,68.940000,66.920000,68.940000,536740
2018-11-06,69.750000,70.400000,67.970000,67.970000,995460
2018-11-07,68.380000,69.110000,67.730000,68.540000,892740
2018-11-08,68.780000,69.590000,67.970000,68.380000,145850
2018-11-09,67.970000,68.380000,66.920000,68.210000,577220
2018-11-12,67.240000,68.130000,66.680000,67.650000,241050
2018-11-13,66.350000,66.430000,63.930000,63.930000,576150
2018-11-14,64.010000,65.220000,62.310000,63.930000,331450
2018-11-15,64.570000,64.650000,63.440000,64.250000,383880
2018-11-16,65.460000,65.460000,63.930000,64.410000,399900
2018-11-20,65.710000,66.680000,65.710000,66.190000,334090
2018-11-21,64.740000,65.950000,64.740000,65.710000,282090
2018-11-22,65.710000,66.760000,65.540000,66.350000,551990
2018-11-28,66.030000,66.350000,65.540000,65.790000,323700
2018-11-29,66.760000,66.760000,65.540000,65.540000,359660
2018-11-30,65.540000,65.870000,64.330000,64.740000,644810
2018-12-03,65.950000,66.680000,65.790000,66.520000,739700
2018-12-04,66.760000,68.380000,66.680000,68.050000,1138470
2018-12-05,67.570000,68.050000,66.760000,68.050000,642600
2018-12-06,67.970000,69.020000,67.570000,67.810000,629700
2018-12-07,67.970000,69.110000,67.970000,68.460000,811580
2018-12-10,68.380000,69.590000,68.050000,69.270000,485360
2018-12-11,68.940000,69.670000,68.940000,69.510000,646530
2018-12-12,69.510000,70.400000,68.940000,70.400000,377650
2018-12-13,71.210000,71.370000,70.240000,70.480000,630690
2018-12-14,70.720000,70.720000,69.190000,69.190000,367370
2018-12-17,68.130000,69.110000,66.350000,66.350000,605910
2018-12-18,64.980000,65.870000,64.980000,65.710000,595370
2018-12-19,65.630000,66.600000,65.540000,65.950000,325700
2018-12-20,65.540000,66.350000,65.540000,65.540000,337360
2018-12-21,65.380000,66.270000,63.600000,63.600000,2407240
2018-12-24,64.740000,65.460000,63.930000,63.930000,379150
2018-12-25,63.850000,65.060000,63.040000,64.740000,562070
2018-12-26,64.740000,64.900000,63.930000,63.930000,577200
2018-12-27,64.740000,65.140000,63.930000,63.930000,425950
2019-01-14,65.300000,65.790000,64.980000,65.140000,268810
2019-01-15,65.220000,66.350000,65.060000,66.270000,403800
2019-01-16,66.350000,66.840000,65.870000,65.870000,483100
2019-01-17,65.790000,66.430000,64.900000,64.900000,320060
2019-01-18,64.900000,65.870000,64.900000,65.540000,359080
2019-01-21,65.540000,65.790000,65.220000,65.380000,266000
2019-01-22,65.380000,65.460000,64.820000,64.820000,115780
2019-01-23,64.820000,64.820000,63.120000,63.120000,707690
2019-01-24,63.680000,63.850000,62.710000,63.120000,435690
2019-01-25,63.120000,63.600000,62.960000,63.360000,677540
2019-01-28,63.360000,64.170000,63.360000,64.010000,749070
2019-01-29,64.740000,64.740000,64.090000,64.330000,604480
2019-01-31,64.250000,64.410000,62.870000,62.870000,721900
2019-02-01,63.120000,63.600000,62.710000,63.440000,679540
2019-02-11,64.650000,66.520000,64.570000,64.900000,1094450
2019-02-12,65.950000,67.160000,65.380000,66.600000,1032810
2019-02-13,66.600000,69.510000,66.600000,69.510000,1361490
2019-02-14,69.510000,69.910000,67.970000,69.590000,1451830
2019-02-15,69.430000,69.430000,68.460000,68.540000,779850
2019-02-18,68.780000,69.190000,68.700000,69.110000,659240
2019-02-19,68.860000,70.080000,68.860000,70.000000,1121720
2019-02-20,69.590000,69.910000,69.430000,69.590000,1131460
2019-02-21,69.830000,72.750000,69.830000,72.580000,2224960
2019-02-22,72.750000,73.640000,71.530000,71.530000,1234210
2019-02-25,74.450000,74.450000,73.230000,73.800000,1139980
2019-02-26,73.640000,73.800000,71.530000,72.830000,902730
2019-02-27,72.910000,73.560000,72.670000,72.750000,788910
2019-02-28,72.750000,72.750000,71.610000,71.940000,835220
2019-03-01,72.020000,72.180000,71.370000,72.020000,683440
2019-03-04,72.100000,73.960000,72.020000,72.420000,1284390
2019-03-05,72.420000,73.560000,72.260000,72.340000,772090
2019-03-06,72.830000,72.990000,72.260000,72.830000,695520
2019-03-07,73.390000,73.640000,72.670000,72.830000,947510
2019-03-08,72.100000,72.830000,71.610000,72.670000,469730
2019-03-11,71.290000,72.580000,71.290000,72.500000,602350
2019-03-12,72.500000,72.830000,71.290000,71.610000,653990
2019-03-13,71.610000,72.420000,71.610000,72.020000,1014640
2019-03-14,72.020000,72.260000,71.690000,71.690000,201760
2019-03-15,71.690000,72.020000,69.020000,70.000000,1372560
2019-03-18,70.000000,70.890000,68.620000,70.240000,766250
2019-03-19,70.640000,70.640000,69.590000,70.400000,442460
2019-03-20,68.940000,69.750000,67.970000,68.780000,591560
2019-03-21,68.860000,69.110000,68.210000,68.780000,665060
2019-03-22,68.700000,69.020000,68.380000,68.380000,759190
2019-03-25,67.160000,67.730000,66.430000,66.520000,488150
2019-03-26,66.520000,67.970000,66.520000,67.240000,488320
2019-03-27,67.240000,68.940000,67.240000,68.780000,455910
2019-03-28,68.780000,68.780000,68.130000,68.780000,395730
2019-03-29,68.780000,70.320000,68.210000,68.210000,756010
2019-04-01,69.270000,71.210000,68.940000,71.210000,515710
2019-04-02,71.450000,71.690000,69.830000,71.290000,393200
2019-04-03,71.290000,71.290000,70.400000,70.970000,303680
2019-04-04,70.480000,71.290000,70.480000,71.050000,336280
2019-04-05,71.050000,71.860000,71.050000,71.450000,231110
2019-04-08,71.210000,71.610000,69.430000,71.450000,582440
2019-04-09,71.780000,71.780000,70.400000,70.800000,280380
2019-04-10,68.940000,70.400000,68.940000,70.160000,292050
2019-04-11,70.160000,71.210000,70.160000,70.970000,188220
2019-04-12,71.050000,71.290000,70.400000,71.050000,95630
2019-04-16,69.590000,71.290000,69.110000,71.050000,290800
2019-04-18,69.670000,71.130000,69.590000,69.590000,407720
2019-04-19,69.590000,71.210000,69.590000,70.890000,57480
2019-04-22,70.890000,71.210000,70.800000,71.130000,292240
2019-04-23,70.480000,71.210000,70.480000,71.130000,338520
2019-04-24,70.080000,71.290000,70.080000,71.210000,573510
2019-04-25,71.210000,71.210000,70.480000,70.720000,271410
2019-04-26,70.400000,70.720000,69.910000,70.320000,284150
2019-05-02,70.400000,71.610000,70.000000,71.610000,678660
2019-05-03,71.780000,73.150000,70.640000,71.690000,868120
2019-05-06,71.530000,71.530000,70.000000,70.400000,90180
2019-05-07,70.400000,71.780000,70.400000,71.130000,337420
2019-05-08,70.400000,71.610000,70.400000,71.050000,509850
2019-05-09,71.050000,71.370000,70.800000,70.970000,221500
2019-05-10,70.480000,71.450000,70.480000,70.800000,189070
2019-05-13,70.800000,71.130000,70.160000,70.160000,291940
2019-05-14,68.050000,71.050000,68.050000,70.000000,327800
2019-05-15,70.000000,71.610000,70.000000,71.050000,202520
2019-05-16,71.050000,71.450000,70.400000,70.400000,359320
2019-05-17,69.750000,71.050000,69.750000,70.000000,419260
2019-05-20,70.080000,71.370000,70.000000,71.210000,396980
2019-05-21,71.210000,74.120000,71.210000,73.880000,976350
2019-05-22,73.880000,74.120000,72.670000,72.830000,436560
2019-05-23,72.670000,73.470000,72.020000,72.830000,254800
2019-05-24,72.830000,73.230000,70.560000,70.560000,687440
2019-05-27,70.480000,71.860000,70.480000,71.530000,353840
2019-05-28,71.210000,71.610000,70.000000,70.400000,642340
2019-05-29,70.080000,70.970000,70.000000,70.640000,313820
2019-05-30,70.640000,71.050000,69.190000,69.190000,309190
2019-05-31,69.270000,70.240000,69.270000,69.430000,463440
2019-06-03,69.430000,69.910000,68.780000,68.780000,381730
2019-06-04,68.780000,69.270000,67.570000,68.780000,326580
2019-06-05,69.510000,69.510000,68.780000,68.780000,214360
2019-06-06,68.460000,69.190000,68.460000,68.940000,254610
2019-06-07,69.190000,70.320000,68.780000,69.590000,293020
2019-06-10,70.400000,70.400000,69.270000,70.160000,435320
2019-06-11,70.160000,70.240000,69.590000,69.590000,226860
2019-06-12,70.000000,70.000000,68.780000,68.780000,209690
2019-06-13,68.780000,69.750000,68.210000,68.380000,111480
2019-06-14,68.780000,68.780000,67.650000,68.130000,248270
2019-06-17,67.410000,68.620000,67.160000,67.570000,334140
2019-06-18,67.490000,67.730000,66.030000,66.350000,471770
2019-06-19,66.350000,67.490000,66.350000,67.000000,267320
2019-06-20,66.760000,68.380000,66.600000,66.760000,313420
2019-06-21,66.760000,67.970000,66.680000,67.970000,739810
2019-06-24,67.970000,69.190000,63.280000,68.050000,292000
2019-06-25,67.970000,68.540000,67.970000,67.970000,246500
2019-06-26,67.810000,69.190000,67.810000,69.190000,273640
2019-06-27,68.540000,69.270000,66.350000,66.350000,598870
2019-06-28,67.160000,67.160000,65.950000,67.160000,513210
2019-07-01,67.970000,69.270000,67.890000,69.270000,329720
2019-07-02,69.270000,69.270000,68.460000,68.460000,143850
2019-07-03,68.460000,68.700000,67.320000,68.380000,391950
2019-07-04,68.380000,68.940000,68.210000,68.940000,305720
2019-07-05,68.700000,68.940000,68.130000,68.780000,96600
2019-07-08,68.050000,68.540000,67.570000,68.380000,395430
2019-07-09,67.970000,68.380000,67.890000,68.130000,195010
2019-07-10,68.130000,68.460000,67.810000,68.130000,271130
2019-07-11,68.130000,68.380000,66.760000,66.760000,585230
2019-07-12,66.760000,67.810000,65.950000,65.950000,447220
2019-07-15,65.950000,65.950000,64.250000,64.650000,679300
2019-07-16,64.740000,65.460000,64.740000,65.060000,275440
2019-07-17,65.300000,65.300000,64.330000,64.570000,543700
2019-07-18,63.850000,64.740000,60.690000,61.340000,1683640
2019-07-19,61.500000,62.960000,61.340000,62.870000,512090
2019-07-22,62.870000,64.650000,62.870000,64.090000,473610
2019-07-23,63.280000,64.490000,63.120000,64.410000,756340
2019-07-24,64.650000,65.460000,64.410000,65.300000,523110
2019-07-25,64.980000,65.790000,64.650000,65.380000,322150
2019-07-26,65.380000,65.460000,64.650000,65.460000,342240
2019-07-29,65.300000,65.540000,64.820000,65.540000,354020
2019-07-30,65.540000,65.630000,64.650000,64.650000,345050
2019-07-31,63.930000,64.740000,63.600000,64.740000,691960
2019-08-01,64.740000,65.300000,64.650000,64.820000,367740
2019-08-02,63.930000,64.740000,63.930000,63.930000,328940
2019-08-05,63.280000,63.930000,62.150000,62.150000,794840
2019-08-06,61.900000,61.980000,60.450000,60.690000,1021670
2019-08-07,60.690000,61.820000,59.560000,60.530000,890330
2019-08-08,59.560000,60.530000,58.910000,60.530000,800350
2019-08-09,60.610000,61.820000,60.610000,61.580000,459400
2019-08-12,61.500000,61.900000,61.090000,61.500000,258890
2019-08-13,61.500000,61.500000,60.610000,61.170000,352420
2019-08-14,61.900000,61.900000,61.170000,61.170000,432980
2019-08-15,60.770000,61.580000,60.370000,61.580000,487060
2019-08-16,60.850000,62.710000,60.850000,62.310000,405510
2019-08-19,62.310000,62.710000,62.150000,62.390000,291070
2019-08-20,62.310000,62.310000,61.500000,61.660000,258670
2019-08-21,61.170000,62.550000,61.170000,62.310000,398000
2019-08-22,62.310000,63.120000,61.900000,63.120000,398850
2019-08-23,63.360000,63.360000,62.310000,62.310000,134130
2019-08-26,61.500000,61.900000,60.850000,61.500000,408280
2019-08-27,61.500000,61.900000,60.690000,60.690000,363230
2019-08-28,60.690000,61.340000,60.370000,60.530000,267990
2019-08-29,60.530000,61.090000,60.530000,60.690000,194630
2019-08-30,60.690000,61.340000,60.610000,61.010000,181410
2019-09-03,61.010000,61.010000,59.880000,59.880000,290930
2019-09-04,59.880000,61.090000,59.880000,60.690000,255700
2019-09-05,60.690000,60.850000,59.720000,60.280000,305580
2019-09-06,60.280000,60.690000,59.880000,59.880000,242520
2019-09-09,59.640000,60.530000,59.640000,59.880000,267130
2019-09-10,59.880000,61.820000,59.880000,61.580000,420710
2019-09-11,61.660000,63.280000,61.580000,63.120000,569250
2019-09-12,63.120000,63.120000,62.150000,62.150000,291870
2019-09-13,61.660000,62.070000,61.420000,61.900000,432610
2019-09-16,61.900000,63.120000,61.900000,62.960000,333720
2019-09-17,63.120000,64.410000,62.960000,64.330000,604250
2019-09-18,64.330000,65.460000,63.930000,65.460000,906280
2019-09-19,65.460000,65.540000,64.570000,64.900000,548790
2019-09-20,64.820000,64.900000,64.010000,64.900000,816210
2019-09-23,64.900000,65.460000,64.650000,64.740000,485650
2019-09-24,64.650000,64.650000,63.440000,63.930000,561260
2019-09-25,63.930000,64.090000,63.600000,63.930000,257150
2019-09-26,63.760000,63.930000,63.360000,63.520000,220020
2019-09-27,63.930000,64.650000,63.680000,64.250000,570790
2019-09-30,64.250000,64.330000,63.520000,63.520000,562880
2019-10-01,63.930000,64.010000,63.200000,63.760000,246870
2019-10-02,63.930000,63.930000,62.310000,62.310000,700310
2019-10-03,62.310000,63.120000,61.820000,63.120000,390570
2019-10-04,63.120000,63.520000,62.390000,62.630000,165650
2019-10-07,62.630000,62.870000,61.900000,61.900000,357580
2019-10-08,62.150000,62.710000,61.980000,62.230000,258070
2019-10-09,62.230000,62.470000,61.980000,62.310000,223030
2019-10-10,62.310000,62.710000,62.070000,62.310000,417560
2019-10-11,62.550000,62.630000,62.150000,62.310000,560570
2019-10-14,62.470000,62.630000,61.980000,61.980000,199640
2019-10-15,61.980000,63.680000,61.980000,63.280000,411850
2019-10-16,63.520000,63.520000,62.960000,62.960000,323340
2019-10-17,62.960000,63.120000,62.310000,62.310000,818380
2019-10-18,62.310000,62.710000,61.500000,61.500000,448610
2019-10-21,61.500000,61.500000,60.450000,60.690000,769240
2019-10-22,60.690000,61.010000,59.960000,60.200000,431650
2019-10-23,60.280000,61.500000,60.280000,61.340000,387600
2019-10-24,61.500000,61.500000,60.850000,61.170000,272770
2019-10-25,61.170000,61.170000,60.280000,60.370000,479400
2019-10-28,60.450000,60.690000,60.280000,60.280000,502510
2019-10-29,60.280000,60.610000,59.880000,59.880000,483230
2019-10-30,60.370000,60.530000,59.720000,59.880000,638330
2019-10-31,60.690000,60.930000,59.720000,60.040000,908640
2019-11-01,60.280000,61.500000,60.280000,61.260000,1597000
2019-11-04,61.660000,62.390000,61.660000,61.740000,890560
2019-11-05,61.740000,61.820000,61.170000,61.500000,764730
2019-11-06,61.420000,62.070000,61.420000,61.500000,537760
2019-11-07,61.500000,61.900000,61.260000,61.900000,431590
2019-11-08,62.470000,62.630000,61.980000,62.150000,586260
2019-11-11,62.070000,62.070000,60.280000,60.280000,1140280
2019-11-12,60.370000,60.850000,60.280000,60.690000,399080
2019-11-13,60.850000,60.850000,60.120000,60.120000,645910
2019-11-14,60.200000,60.930000,60.200000,60.850000,477280
2019-11-15,60.850000,60.850000,60.280000,60.280000,275160
2019-11-18,60.690000,60.690000,60.200000,60.200000,222090
2019-11-19,60.280000,60.610000,59.800000,59.880000,542900
2019-11-20,59.880000,60.280000,59.560000,59.560000,283120
2019-11-21,59.070000,59.720000,57.860000,57.860000,843260
2019-11-22,58.750000,58.990000,56.560000,57.050000,797010
2019-11-25,57.130000,57.940000,57.050000,57.860000,311430
2019-11-26,58.100000,58.750000,57.860000,57.860000,561680
2019-11-27,57.860000,58.260000,57.370000,57.450000,213600
2019-11-28,57.130000,57.450000,55.510000,56.240000,608710
2019-11-29,56.240000,56.970000,55.750000,56.640000,302310
2019-12-02,57.050000,57.050000,55.830000,55.830000,273550
2019-12-03,55.590000,55.920000,51.950000,51.950000,2271640
2019-12-04,51.870000,51.950000,48.470000,50.570000,5523420
2019-12-05,50.570000,50.570000,48.960000,50.170000,1458980
2019-12-06,49.770000,51.550000,49.600000,50.570000,1617700
2019-12-09,50.410000,50.490000,48.790000,48.960000,1422780
2019-12-10,48.960000,49.280000,45.800000,45.800000,2722140
2019-12-11,45.480000,46.530000,44.020000,45.070000,2330190
2019-12-12,45.310000,47.580000,45.310000,47.340000,1874500
2019-12-13,47.740000,48.070000,46.120000,46.930000,1736100
2019-12-16,46.370000,46.770000,45.880000,45.880000,1297380
2019-12-17,45.960000,46.040000,45.070000,45.400000,1132900
2019-12-18,45.310000,46.120000,44.510000,45.640000,1110730
2019-12-19,45.640000,45.640000,44.910000,44.990000,831960
2019-12-20,44.990000,45.070000,44.180000,44.510000,1799670
2019-12-23,44.990000,45.230000,41.750000,41.750000,2225100
2019-12-24,41.840000,44.260000,40.620000,44.100000,1401890
2019-12-25,44.340000,45.480000,44.100000,45.070000,1310750
2019-12-26,44.510000,47.010000,44.420000,46.120000,1900250
2019-12-27,45.720000,46.450000,45.310000,46.040000,629490
2019-12-30,46.120000,46.930000,45.960000,46.200000,887370
2019-12-31,46.200000,46.370000,45.230000,45.720000,695750
2020-01-02,46.040000,46.450000,45.560000,46.120000,518870
2020-01-03,46.290000,46.690000,45.960000,46.530000,777690
2020-01-06,46.530000,46.530000,45.800000,45.800000,582020
2020-01-07,45.960000,46.370000,45.880000,45.960000,319680
2020-01-08,45.480000,45.720000,44.990000,45.310000,737690
2020-01-09,45.800000,46.290000,45.720000,46.120000,505680
2020-01-10,46.120000,46.690000,45.720000,45.720000,524930
2020-01-13,45.800000,46.200000,45.640000,46.120000,413810
2020-01-14,46.120000,46.370000,45.800000,45.800000,349410
2020-01-15,46.120000,46.120000,45.310000,45.720000,373290
2020-01-16,45.720000,46.040000,45.480000,45.480000,290210
2020-01-17,45.400000,45.640000,44.510000,44.510000,496940
2020-01-20,44.510000,44.590000,42.890000,43.940000,541490
2020-01-22,43.860000,44.180000,43.130000,43.210000,540210
2020-01-30,42.890000,42.890000,40.460000,40.540000,1591110
2020-01-31,40.460000,41.840000,40.460000,40.540000,791350
2020-02-03,37.790000,40.460000,37.710000,40.460000,1290570
2020-02-04,40.540000,41.270000,40.060000,40.460000,744900
2020-02-05,40.860000,40.860000,39.810000,40.460000,750710
2020-02-06,40.420000,40.420000,38.440000,40.380000,2389970
2020-02-07,40.300000,40.380000,39.490000,40.380000,932290
2020-02-10,40.380000,40.380000,39.490000,40.380000,600280
2020-02-11,39.810000,41.840000,39.810000,40.380000,2081860
2020-02-12,40.460000,41.030000,40.460000,40.860000,804720
2020-02-13,41.030000,41.190000,40.540000,40.620000,547970
2020-02-14,40.620000,40.620000,40.010000,40.300000,1120310
2020-02-17,40.300000,40.300000,39.610000,40.220000,1492320
2020-02-18,39.810000,40.220000,39.810000,40.220000,591220
2020-02-19,40.140000,41.840000,40.140000,40.780000,1818680
2020-02-20,41.190000,41.590000,40.780000,41.350000,1365480
2020-02-21,41.670000,43.700000,41.670000,42.890000,2061050
2020-02-24,41.750000,42.480000,41.270000,41.350000,1429040
2020-02-25,40.860000,41.510000,40.300000,40.950000,896710
2020-02-26,40.300000,40.700000,39.650000,40.260000,1252450
2020-02-27,39.810000,40.300000,39.490000,40.220000,1642080
2020-02-28,40.220000,40.220000,38.600000,39.650000,2255610
2020-03-02,39.120000,39.650000,38.720000,39.650000,1588150
2020-03-03,39.810000,40.300000,39.250000,39.650000,1225730
2020-03-04,39.570000,39.930000,39.370000,39.650000,909830
2020-03-05,40.010000,42.080000,39.770000,41.190000,1780900
2020-03-06,41.110000,44.020000,40.540000,44.020000,2794380
2020-03-17,38.840000,40.060000,38.600000,40.060000,3877150
2020-03-18,40.060000,40.220000,39.490000,39.970000,2170340
2020-03-19,39.250000,39.810000,38.880000,39.810000,3350310
2020-03-20,39.650000,39.810000,38.680000,39.810000,4120820
2020-03-23,38.920000,39.810000,37.550000,39.810000,5025020
2020-03-24,39.250000,39.730000,39.080000,39.730000,3558350
2020-03-25,39.650000,40.220000,39.250000,39.730000,2857290
2020-03-26,39.650000,39.810000,39.290000,39.650000,2763490
2020-03-27,39.410000,41.270000,39.250000,39.890000,2587920
2020-03-30,39.250000,39.730000,39.160000,39.730000,1378940
2020-03-31,39.730000,40.380000,39.000000,39.650000,3667100
2020-04-01,39.490000,40.460000,39.490000,39.810000,1725880
2020-04-03,40.140000,42.320000,40.060000,42.320000,1841480
2020-04-06,43.130000,45.230000,42.970000,45.230000,2556830
2020-04-07,45.960000,47.260000,44.590000,46.530000,2099700
2020-04-08,45.400000,47.660000,44.910000,47.660000,1338040
2020-04-09,47.740000,48.310000,47.010000,48.070000,2047890
2020-04-10,47.740000,50.570000,47.180000,48.710000,1914340
2020-04-13,48.710000,49.680000,47.010000,47.010000,2106950
2020-04-14,46.930000,49.360000,46.290000,49.360000,1449880
2020-04-15,49.360000,50.410000,49.120000,49.280000,1106350
2020-04-16,48.230000,49.520000,48.230000,49.200000,981480
2020-04-17,49.040000,49.680000,48.960000,49.040000,1417150
2020-04-20,49.040000,49.360000,48.070000,48.070000,1843690
2020-04-21,47.010000,47.580000,45.400000,45.800000,1855040
2020-04-22,44.910000,47.420000,44.910000,47.100000,1062970
2020-04-23,48.150000,48.390000,47.100000,47.100000,842920
2020-04-24,48.150000,48.150000,46.290000,48.150000,1218690
2020-04-27,48.550000,48.960000,47.340000,47.340000,1122520
2020-04-28,48.310000,48.790000,46.930000,48.310000,1095230
2020-04-29,48.310000,48.470000,47.580000,47.580000,830530
2020-05-04,46.290000,47.500000,46.200000,46.370000,1148810
2020-05-05,46.290000,46.530000,45.640000,45.640000,1098980
2020-05-06,46.120000,46.930000,45.070000,46.930000,1019980
2020-05-07,47.580000,47.740000,46.930000,47.580000,780600
2020-05-08,47.740000,50.490000,47.660000,49.360000,3319850
2020-05-11,51.060000,51.060000,49.040000,51.060000,1838950
2020-05-12,50.980000,51.140000,50.010000,50.170000,1028270
2020-05-13,49.600000,50.570000,48.960000,50.090000,1598740
2020-05-14,49.770000,52.760000,49.360000,51.710000,2573510
2020-05-15,52.190000,52.520000,50.250000,50.250000,1305890
2020-05-18,50.250000,50.820000,49.680000,50.570000,840070
2020-05-19,51.220000,52.110000,50.570000,50.980000,1923440
2020-05-20,50.570000,51.710000,50.570000,51.630000,998400
2020-05-21,51.630000,51.790000,50.820000,51.630000,1513470
2020-05-22,51.380000,51.550000,50.170000,50.170000,1310850
2020-05-25,50.330000,50.740000,49.770000,50.010000,1354620
2020-05-26,50.170000,50.820000,50.090000,50.570000,1053240
2020-05-27,51.140000,52.270000,50.570000,50.570000,2189080
2020-05-28,51.300000,51.300000,50.490000,50.820000,797480
2020-05-29,50.820000,50.900000,50.330000,50.740000,698100
2020-06-01,50.740000,51.550000,50.740000,51.060000,1076880
2020-06-02,51.460000,53.240000,51.300000,51.710000,4190080
2020-06-03,52.190000,52.190000,51.460000,51.790000,749700
2020-06-04,52.270000,52.270000,51.220000,51.380000,1528010
2020-06-05,50.980000,51.220000,50.570000,50.980000,1826680
2020-06-08,51.300000,52.110000,50.820000,51.300000,1758860
2020-06-09,51.380000,51.950000,50.740000,50.980000,1614250
2020-06-10,50.900000,50.980000,50.570000,50.900000,1210600
2020-06-11,51.220000,51.870000,47.340000,47.340000,2635700
2020-06-12,46.120000,47.500000,46.120000,47.340000,3042060
2020-06-15,47.340000,47.660000,44.750000,45.640000,2603230
2020-06-16,46.450000,46.770000,45.720000,46.610000,1492420
2020-06-17,46.930000,47.100000,46.040000,46.530000,1155980
2020-06-18,46.120000,46.450000,45.230000,46.120000,928290
2020-06-19,46.610000,46.690000,46.120000,46.120000,2419830
2020-06-22,46.530000,47.340000,46.530000,47.180000,1621780
2020-06-23,46.930000,48.150000,46.930000,47.260000,1453290
2020-06-24,47.260000,47.580000,45.720000,46.290000,935890
2020-06-25,45.800000,46.120000,45.480000,45.880000,1540010
2020-06-26,45.880000,46.850000,45.640000,45.640000,574970
2020-06-29,45.640000,45.640000,43.620000,44.590000,1720440
2020-06-30,45.230000,45.400000,43.700000,43.780000,1378930
2020-07-01,44.020000,45.400000,43.700000,44.910000,965870
2020-07-02,45.310000,46.610000,44.910000,46.290000,1094380
2020-07-03,46.290000,46.850000,45.880000,46.290000,699930
2020-07-06,46.290000,46.930000,46.200000,46.610000,855780
2020-07-07,46.850000,47.260000,46.120000,46.120000,959250
2020-07-08,46.120000,46.530000,46.120000,46.120000,467170
2020-07-09,46.200000,46.690000,46.040000,46.450000,1097650
2020-07-10,46.450000,46.610000,45.310000,46.040000,564900
2020-07-13,46.120000,46.530000,45.720000,45.800000,557920
2020-07-14,45.640000,45.800000,45.070000,45.310000,929240
2020-07-15,45.720000,45.880000,45.070000,45.070000,1250200
2020-07-16,45.310000,46.120000,44.910000,46.120000,978700
2020-07-17,45.880000,45.960000,45.310000,45.480000,759610
2020-07-20,44.510000,45.310000,44.510000,44.510000,944440
2020-07-21,44.510000,44.990000,43.940000,44.260000,1670960
2020-07-22,44.260000,44.670000,43.860000,43.860000,833760
2020-07-23,43.860000,44.180000,43.370000,43.620000,762030
2020-07-24,43.450000,43.620000,41.110000,42.080000,2045780
2020-07-27,39.570000,41.670000,39.570000,40.060000,2819250
2020-07-28,40.460000,41.270000,40.060000,40.860000,1318770
2020-07-29,40.060000,40.460000,39.650000,39.930000,1352670
2020-07-30,40.380000,40.540000,40.060000,40.300000,821650
2020-07-31,39.730000,41.590000,39.730000,40.860000,2195060
2020-08-03,40.860000,42.640000,40.860000,42.560000,1395440
2020-08-04,43.050000,43.940000,43.050000,43.700000,1681090
2020-08-05,43.290000,44.510000,43.050000,44.510000,1810780
2020-08-06,44.100000,44.420000,43.450000,43.620000,1178020
2020-08-07,43.700000,44.340000,43.530000,43.780000,959230
2020-08-10,43.860000,44.420000,43.860000,44.100000,953690
2020-08-11,44.340000,44.340000,43.780000,44.180000,658760
2020-08-12,43.940000,44.340000,43.620000,43.860000,981320
2020-08-13,43.860000,44.180000,43.700000,44.020000,953060
2020-08-14,44.020000,44.100000,42.890000,43.210000,1796510
2020-08-17,42.890000,43.290000,42.320000,42.890000,1099660
2020-08-18,42.890000,42.890000,42.320000,42.400000,771290
2020-08-19,42.400000,42.810000,42.160000,42.640000,867050
2020-08-31,44.510000,44.910000,44.020000,44.510000,1294650
2020-09-01,44.510000,44.510000,43.940000,44.180000,1624840
2020-09-03,44.830000,44.910000,44.260000,44.830000,1754030
2020-09-04,44.020000,45.720000,44.020000,45.560000,2640190
2020-09-07,45.800000,46.200000,44.180000,44.180000,2265500
2020-09-08,44.260000,44.510000,44.020000,44.340000,1460040
2020-09-09,43.780000,44.830000,43.780000,44.510000,1082410
2020-09-10,44.830000,44.910000,44.260000,44.340000,735560
2020-09-11,44.180000,44.510000,43.940000,44.510000,539780
2020-09-14,44.510000,45.150000,44.510000,44.990000,944590
2020-09-15,44.990000,45.150000,44.590000,44.830000,794620
2020-09-16,44.830000,44.830000,44.180000,44.420000,908870
2020-09-17,44.420000,44.420000,43.700000,43.700000,1241490
2020-09-18,43.700000,44.180000,43.700000,43.860000,1122350
2020-09-21,44.020000,44.340000,44.020000,44.100000,879920
2020-09-22,44.100000,44.180000,43.780000,43.940000,760350
2020-09-23,44.180000,44.830000,44.020000,44.830000,1284870
2020-09-24,44.590000,45.070000,44.510000,44.510000,881030
2020-09-25,44.510000,44.750000,44.100000,44.260000,708340
2020-09-28,44.260000,44.590000,44.100000,44.260000,623360
2020-09-29,44.420000,44.420000,43.370000,43.370000,1283100
2020-09-30,43.370000,44.180000,43.370000,44.180000,843740
2020-10-01,44.260000,44.510000,44.180000,44.420000,964220
2020-10-02,44.420000,44.510000,43.530000,43.780000,1483120
2020-10-05,44.180000,45.480000,43.780000,45.310000,3268020
2020-10-06,45.640000,47.180000,45.560000,46.930000,4400570
2020-10-07,46.930000,50.170000,46.850000,50.090000,6435850
2020-10-08,49.770000,51.710000,49.040000,51.710000,4846470
2020-10-09,51.380000,55.190000,50.330000,55.110000,5339660
2020-10-12,55.030000,56.810000,53.810000,56.810000,5818700
2020-10-13,56.640000,60.770000,55.030000,60.530000,4664240
2020-10-14,60.450000,64.740000,59.150000,64.740000,5066890
2020-10-15,64.740000,67.080000,63.360000,65.630000,5698130
2020-10-16,65.540000,65.540000,61.090000,64.740000,6539150
2020-10-19,61.660000,66.350000,61.660000,66.350000,3072960
2020-10-20,66.190000,67.730000,64.740000,67.730000,4875310
2020-10-21,67.160000,68.700000,66.350000,67.730000,1756450
2020-10-22,67.000000,68.780000,66.760000,68.780000,5130670
2020-10-23,68.860000,69.670000,68.380000,69.590000,3419860
2020-10-26,68.540000,71.130000,68.540000,71.130000,4666520
2020-10-27,71.210000,72.020000,68.780000,71.130000,4042910
2020-10-28,71.050000,71.050000,68.130000,69.590000,4631980
2020-10-29,67.160000,68.780000,64.740000,67.970000,6707870
2020-11-10,77.680000,79.300000,76.790000,77.200000,3489650
2020-11-11,75.820000,77.200000,74.450000,77.200000,2025450
2020-11-12,77.280000,77.280000,75.340000,75.340000,484080
2020-11-13,75.010000,75.010000,72.750000,72.910000,1094470
2020-11-16,72.420000,72.910000,67.890000,67.890000,2454980
2020-11-17,67.970000,69.510000,67.810000,68.780000,813710
2020-11-18,68.860000,68.860000,66.920000,67.080000,985490
2020-11-19,67.160000,67.490000,65.540000,66.350000,1205410
2020-11-20,66.110000,67.890000,65.630000,66.350000,1166780
2020-11-23,66.350000,67.490000,66.350000,67.240000,871370
2020-11-24,67.240000,67.240000,64.740000,66.350000,679550
2020-11-25,66.350000,67.160000,66.350000,66.600000,686650
2020-11-26,66.110000,67.890000,66.030000,67.730000,510660
2020-11-27,67.730000,67.730000,67.000000,67.730000,420570
2020-11-30,66.430000,67.570000,66.110000,66.350000,964680
2020-12-01,67.160000,67.160000,65.140000,67.160000,1051590
2020-12-09,69.190000,69.350000,68.780000,69.110000,840910
2020-12-10,67.890000,69.110000,67.650000,67.890000,1432910
2020-12-11,67.890000,68.460000,67.320000,68.380000,791100
2020-12-14,68.540000,68.860000,67.890000,68.380000,1079350
2020-12-15,68.380000,68.620000,67.890000,68.380000,935010
2020-12-16,67.970000,68.460000,67.890000,68.380000,648540
2020-12-17,68.380000,69.030000,67.800000,68.790000,1179730
2020-12-18,68.870000,69.030000,68.540000,68.870000,1417470
2020-12-21,69.610000,69.610000,68.300000,68.620000,827020
2020-12-22,67.800000,68.790000,67.560000,67.800000,805250
2020-12-23,67.720000,69.030000,67.640000,67.800000,910150
2020-12-24,67.800000,67.970000,66.980000,67.720000,638900
2020-12-25,67.560000,68.050000,67.480000,67.560000,598590
2020-12-28,67.970000,68.130000,67.230000,67.480000,553150
2020-12-29,68.790000,68.790000,67.970000,68.130000,1440210
2020-12-30,68.700000,68.950000,67.640000,68.380000,959720
2020-12-31,67.970000,72.960000,67.970000,72.800000,3806160
2021-01-04,74.520000,74.520000,72.800000,72.800000,1915700
2021-01-05,72.880000,73.700000,72.140000,73.130000,1274800
2021-01-06,73.130000,74.520000,72.060000,72.310000,2344400
2021-01-07,72.310000,75.750000,72.310000,75.340000,3028500
2021-01-08,76.240000,77.300000,75.340000,76.240000,263960
2021-01-11,76.240000,78.200000,76.320000,77.060000,2553900
2021-01-12,77.060000,77.220000,76.240000,76.980000,1830900
2021-01-13,77.140000,77.220000,75.910000,76.400000,2553600
2021-01-14,76.320000,76.400000,75.090000,75.580000,1447400
2021-01-15,76.160000,76.480000,75.750000,76.160000,2144900
2021-01-18,77.790000,80.330000,77.710000,77.880000,3740700
2021-01-19,78.450000,78.450000,72.470000,74.440000,2416600
2021-01-20,74.930000,75.170000,70.420000,74.440000,2314800
2021-01-21,74.930000,75.420000,73.210000,74.930000,2180900
2021-01-22,75.340000,77.960000,74.520000,76.400000,3060300
2021-01-25,77.790000,80.250000,76.980000,79.430000,3869900
2021-01-26,80.410000,80.410000,74.760000,78.200000,2475200
2021-01-27,77.380000,77.630000,73.860000,75.090000,2243700
2021-01-28,69.850000,73.210000,69.850000,69.850000,3816800
2021-01-29,65.920000,74.520000,65.920000,70.010000,2838500
2021-02-01,70.340000,72.310000,66.330000,67.150000,1792200
2021-02-02,67.150000,69.610000,65.510000,68.790000,1927500
2021-02-03,70.010000,72.880000,70.010000,72.800000,1539300
2021-02-04,72.060000,74.110000,71.650000,73.290000,1415200
2021-02-05,73.290000,73.700000,72.960000,73.370000,1209500
2021-02-08,70.100000,73.620000,68.790000,70.100000,2260800
2021-02-09,70.420000,73.370000,69.690000,72.640000,1448200
2021-02-17,75.340000,75.340000,72.720000,75.340000,1142900
2021-02-18,77.880000,78.610000,74.520000,77.880000,2207200
2021-02-19,77.710000,78.200000,76.650000,77.710000,1419300
2021-02-22,77.710000,77.880000,76.810000,77.470000,1186200
2021-02-23,77.380000,77.380000,75.750000,75.910000,1592900
2021-02-24,76.980000,76.980000,74.110000,74.520000,1478100
2021-02-25,75.170000,75.170000,73.210000,73.370000,1571600
2021-02-26,72.550000,74.030000,72.470000,73.950000,1485300
2021-03-01,74.030000,75.260000,73.950000,74.760000,859200
2021-03-02,75.990000,75.990000,73.700000,74.440000,1027600
2021-03-03,74.440000,74.520000,73.700000,74.110000,803200
2021-03-04,74.520000,74.520000,71.650000,72.390000,1647600
2021-03-05,72.060000,73.700000,71.650000,73.040000,1141200
2021-03-08,74.030000,74.030000,71.240000,71.570000,1612700
2021-03-09,71.820000,71.820000,66.580000,71.000000,1166700
2021-03-10,71.000000,71.240000,69.850000,71.240000,817400
2021-03-11,71.900000,72.390000,71.160000,71.490000,878000
2021-03-12,72.060000,72.140000,71.410000,71.490000,872100
2021-03-15,72.060000,73.040000,71.490000,72.470000,1188500
2021-03-16,72.720000,72.720000,71.410000,72.060000,535200
2021-03-17,72.060000,72.140000,71.240000,72.060000,576400
2021-03-18,71.980000,73.620000,71.820000,73.450000,1222500
2021-03-19,72.880000,73.210000,70.830000,72.640000,1148800
2021-03-22,72.140000,72.720000,71.650000,72.140000,723300
2021-03-23,72.140000,72.230000,70.420000,70.830000,1022900
2021-03-24,69.770000,70.830000,69.610000,69.690000,869100
2021-03-25,70.010000,70.420000,68.790000,70.420000,1076400
2021-03-26,70.010000,70.420000,68.540000,70.340000,912800
2021-03-29,70.010000,70.830000,69.610000,70.510000,918800
2021-03-30,70.100000,73.290000,69.930000,72.470000,1443600
2021-03-31,72.470000,76.160000,72.470000,75.750000,3145400
2021-04-01,76.070000,76.160000,75.420000,75.580000,2037400
2021-04-02,76.160000,76.400000,75.580000,75.910000,2155300
2021-04-05,77.790000,77.880000,75.990000,76.160000,2571700
2021-04-06,76.160000,76.320000,74.760000,75.260000,1808000
2021-04-07,75.260000,77.220000,74.350000,76.810000,1957200
2021-04-08,77.380000,77.380000,75.670000,76.160000,1205800
2021-04-09,75.990000,75.990000,75.010000,75.420000,1062300
2021-04-12,75.420000,75.750000,74.850000,75.260000,1536200
2021-04-13,75.830000,78.610000,75.340000,77.140000,4864100
2021-04-14,77.470000,82.460000,76.730000,82.460000,6637200
2021-04-15,84.750000,85.980000,81.890000,81.890000,2903400
2021-04-16,81.720000,83.120000,77.960000,81.970000,3077700
2021-04-19,83.120000,87.700000,81.400000,87.700000,6460900
2021-04-20,87.700000,91.310000,85.250000,86.390000,4290600
2021-04-22,85.160000,87.950000,80.410000,80.410000,3474400
2021-04-23,80.410000,83.120000,78.610000,81.890000,5010500
2021-04-26,83.120000,83.280000,77.790000,77.790000,3744400
2021-04-27,77.790000,80.740000,76.650000,80.250000,2383000
2021-04-28,80.250000,81.720000,79.840000,81.070000,1830800
2021-04-29,81.230000,81.400000,79.430000,80.250000,1803600
2021-05-04,80.250000,80.250000,77.880000,78.530000,2322900
2021-05-05,78.530000,80.990000,78.450000,78.610000,1788700
2021-05-06,78.610000,79.920000,78.290000,78.290000,1529000
2021-05-07,77.880000,79.100000,77.220000,77.790000,2566600
2021-05-10,79.760000,83.200000,79.020000,83.200000,3909900
2021-05-11,85.160000,86.640000,83.120000,83.120000,3396000
2021-05-12,83.120000,85.980000,83.120000,85.160000,2454800
2021-05-13,84.920000,85.820000,84.180000,84.350000,2424100
2021-05-14,85.000000,90.080000,85.000000,88.520000,3609800
2021-05-17,89.260000,89.670000,85.330000,85.330000,2365200
2021-05-18,86.070000,90.080000,85.820000,86.070000,2952600
2021-05-19,86.800000,89.260000,86.070000,88.440000,2094300
2021-05-20,89.260000,93.350000,88.360000,93.030000,2826500
2021-05-21,91.630000,93.190000,91.390000,91.630000,2584400
2021-05-24,91.630000,93.030000,90.900000,91.720000,2152900
2021-05-25,91.310000,94.580000,90.900000,93.030000,1734000
2021-05-26,93.350000,93.350000,91.720000,93.030000,1459300
2021-05-27,93.030000,93.190000,86.560000,90.080000,1642200
2021-05-28,90.080000,92.120000,88.930000,92.120000,2045800
2021-05-31,91.720000,91.880000,89.670000,90.160000,1011700
2021-06-01,90.080000,90.080000,85.740000,87.620000,2426200
2021-06-02,88.600000,88.850000,86.390000,86.560000,1867800
2021-06-03,86.470000,86.560000,84.350000,85.980000,2624700
2021-06-04,85.570000,87.870000,84.350000,87.870000,1560500
2021-06-07,87.620000,87.870000,85.160000,85.570000,905600
2021-06-08,85.660000,87.380000,85.160000,85.160000,1589500
2021-06-09,84.350000,85.980000,84.350000,85.570000,1070000
2021-06-10,85.160000,85.900000,84.350000,84.430000,876600
2021-06-11,84.430000,86.880000,84.350000,86.800000,1791100
2021-06-14,87.620000,88.440000,85.980000,87.540000,1488600
2021-06-15,87.620000,88.360000,86.970000,87.210000,994300
2021-06-16,86.800000,87.620000,85.160000,85.330000,1031500
2021-06-17,84.350000,86.800000,84.350000,84.350000,1384400
2021-06-18,86.310000,87.620000,84.350000,87.210000,1510800
2021-06-21,89.010000,90.080000,85.980000,89.010000,1793300
2021-06-22,89.340000,90.080000,87.950000,88.850000,1229800
2021-06-23,88.440000,88.930000,87.210000,87.460000,744300
2021-06-24,87.210000,88.360000,86.470000,87.210000,766600
2021-06-25,87.050000,87.620000,85.980000,87.130000,779600
2021-06-28,87.620000,90.000000,87.380000,89.180000,1490000
2021-06-29,89.670000,90.000000,88.110000,88.850000,990100
2021-06-30,89.260000,92.120000,89.260000,91.220000,2251800
2021-07-01,92.010000,94.160000,90.930000,93.740000,1706400
2021-07-02,94.070000,94.490000,93.500000,94.070000,1294400
2021-07-05,93.160000,93.580000,90.030000,92.170000,2219000
2021-07-06,90.850000,92.500000,89.200000,90.030000,2094500
2021-07-07,90.030000,95.810000,87.630000,95.810000,2469900
2021-07-08,94.980000,99.110000,94.160000,98.950000,2502500
2021-07-09,97.460000,101.180000,94.980000,96.550000,2139100
2021-07-12,97.460000,99.030000,90.440000,99.030000,2102000
2021-07-13,99.030000,99.030000,93.500000,94.980000,1521900
2021-07-14,94.980000,96.550000,91.840000,95.970000,1433200
2021-07-15,94.160000,97.380000,93.740000,94.980000,1054500
2021-07-16,95.390000,99.940000,94.820000,99.520000,1976800
2021-07-19,97.870000,103.240000,97.870000,98.620000,1431300
2021-07-20,98.700000,101.590000,97.130000,101.590000,1779800
2021-07-21,101.590000,102.580000,100.760000,100.760000,1393300
2021-07-22,100.760000,101.590000,99.110000,101.510000,1098700
2021-07-23,100.020000,100.930000,98.290000,98.290000,1647400
2021-07-26,99.030000,100.350000,97.210000,100.020000,1257100
2021-07-27,99.520000,104.480000,99.520000,103.650000,1932300
2021-07-28,103.240000,103.570000,102.420000,102.830000,839900
2021-07-29,102.830000,105.720000,101.590000,105.470000,1173800
2021-07-30,105.720000,112.820000,105.060000,110.670000,2654400
2021-08-02,110.510000,113.980000,108.200000,112.490000,1268100
2021-08-03,112.330000,113.980000,111.500000,113.810000,1355500
2021-08-04,113.810000,113.980000,111.670000,112.330000,1587600
2021-08-05,111.580000,113.070000,110.920000,111.500000,1348900
2021-08-06,111.580000,112.330000,111.090000,111.090000,670500
2021-08-09,110.670000,116.460000,110.670000,116.460000,1525400
2021-08-10,116.460000,116.870000,114.390000,114.390000,1011600
2021-08-11,114.800000,116.460000,112.820000,112.820000,993500
2021-08-12,114.390000,114.390000,110.670000,110.670000,1946000
2021-08-13,109.440000,110.670000,108.860000,110.260000,1394600
2021-08-16,111.090000,112.740000,109.190000,110.260000,969800
2021-08-17,111.340000,111.420000,109.440000,109.440000,793600
2021-08-18,111.500000,113.070000,110.670000,111.090000,1302800
2021-08-19,112.330000,112.570000,111.090000,112.570000,842400
2021-08-20,111.750000,112.160000,109.770000,110.510000,1311400
2021-08-23,109.850000,110.260000,104.890000,104.890000,1719900
2021-08-24,104.890000,107.210000,104.890000,106.130000,1302200
2021-08-25,107.210000,112.740000,106.630000,111.500000,1163100
2021-08-26,111.580000,113.320000,109.110000,110.670000,970800
2021-08-27,109.110000,112.660000,109.110000,112.240000,1927000
2021-08-30,114.390000,114.390000,109.520000,109.520000,2696800
2021-08-31,109.520000,112.330000,109.020000,111.500000,3127300
2021-09-01,110.840000,111.910000,109.850000,110.100000,1024900
2021-09-06,110.670000,110.670000,108.280000,108.280000,1518900
2021-09-07,108.360000,108.360000,106.960000,107.210000,1539300
2021-09-08,106.540000,107.370000,105.720000,105.720000,1395400
2021-09-09,105.550000,109.190000,105.390000,108.200000,1026600
2021-09-10,108.610000,109.350000,107.370000,107.370000,711300
2021-09-13,108.200000,109.020000,107.450000,107.870000,1264400
2021-09-14,108.860000,112.080000,108.030000,111.910000,2566900
2021-09-15,111.500000,119.680000,111.500000,119.680000,2796100
2021-09-16,121.410000,123.890000,119.920000,123.720000,2286500
2021-09-17,122.240000,123.480000,120.170000,120.590000,2389800
2021-09-20,120.670000,122.650000,118.110000,118.110000,1053000
2021-09-21,116.460000,119.760000,116.460000,118.520000,1328900
2021-09-22,119.760000,123.060000,118.520000,121.410000,859600
2021-09-23,121.000000,122.650000,118.110000,119.760000,932400
2021-09-24,119.760000,120.170000,117.120000,117.610000,1161000
2021-09-27,117.860000,118.520000,111.500000,111.500000,1213100
2021-09-28,111.420000,116.210000,110.760000,112.330000,1284000
2021-09-29,114.720000,116.460000,113.980000,116.460000,563500
2021-09-30,116.540000,119.260000,116.460000,117.780000,754600
2021-10-01,117.280000,118.110000,115.630000,115.630000,859300
2021-10-04,117.200000,118.110000,115.710000,116.620000,495400
2021-10-05,117.860000,118.030000,116.130000,116.620000,599300
2021-10-06,117.690000,117.690000,116.370000,117.450000,540300
2021-10-07,118.110000,118.110000,116.460000,117.030000,548300
2021-10-08,117.280000,120.590000,117.200000,120.170000,1009100
2021-10-11,120.170000,122.650000,118.110000,121.410000,924200
2021-10-12,121.820000,122.650000,119.760000,120.170000,675700
2021-10-13,121.410000,121.410000,118.110000,118.190000,1139600
2021-10-14,118.190000,118.930000,116.950000,117.360000,1426200
2021-10-15,117.450000,118.440000,116.460000,116.460000,891600
2021-10-18,116.540000,119.020000,116.460000,118.110000,634000
2021-10-19,118.690000,118.690000,116.370000,116.460000,765000
2021-10-20,116.950000,118.440000,115.630000,118.190000,987100
2021-10-21,118.110000,118.190000,115.800000,115.800000,1085600
2021-10-22,116.130000,116.870000,115.710000,115.710000,466100
2021-10-25,118.110000,118.110000,115.960000,115.960000,575000
2021-10-26,116.870000,116.870000,114.640000,115.300000,850200
2021-10-27,115.630000,122.150000,115.460000,121.250000,2012700
2021-10-28,121.250000,125.950000,118.930000,125.290000,1754500
2021-10-29,123.890000,125.540000,121.820000,124.630000,1547000
2021-11-01,123.890000,123.970000,119.840000,120.170000,1668800
2021-11-02,120.170000,122.820000,120.090000,120.170000,1021800
2021-11-03,120.170000,122.240000,118.930000,120.170000,1352400
2021-11-04,120.420000,123.480000,119.760000,122.150000,1148200
2021-11-05,122.240000,123.810000,121.580000,122.070000,1235600
2021-11-08,123.890000,126.040000,122.900000,125.540000,1877000
2021-11-09,126.280000,126.280000,121.990000,122.070000,1478500
2021-11-10,122.240000,123.720000,121.330000,121.990000,1317500
2021-11-11,122.900000,124.720000,120.590000,121.330000,1740900
2021-11-12,121.330000,123.970000,121.250000,123.560000,1456700
2021-11-15,123.890000,127.190000,122.400000,127.190000,1822500
2021-11-16,127.030000,128.100000,123.890000,125.540000,1698000
2021-11-17,124.720000,125.540000,123.970000,124.300000,362200
2021-11-18,124.300000,125.540000,122.240000,122.240000,1057900
2021-11-19,123.060000,123.810000,121.740000,121.740000,1301600
2021-11-22,121.820000,123.810000,121.410000,123.810000,634600
2021-11-23,122.730000,129.510000,122.730000,129.260000,1864400
2021-11-24,128.430000,131.900000,127.280000,129.670000,1298500
2021-11-25,129.670000,131.320000,128.100000,130.080000,1050400
2021-11-26,128.840000,130.080000,128.180000,130.080000,1131800
2021-11-29,128.020000,128.840000,125.620000,125.950000,1470900
2021-11-30,126.120000,127.110000,123.230000,123.230000,1488000
2021-12-01,123.060000,125.540000,123.060000,123.810000,1261100
2021-12-02,123.890000,126.700000,123.890000,125.540000,1004300
2021-12-03,125.540000,128.430000,124.720000,124.720000,1148800
2021-12-06,124.720000,126.370000,119.760000,124.720000,1098300
2021-12-07,124.300000,125.950000,124.300000,125.460000,569700
2021-12-08,124.880000,125.540000,124.800000,124.800000,648400
2021-12-09,123.890000,127.190000,123.890000,127.190000,784400
2021-12-10,126.370000,127.190000,124.050000,126.950000,996400
2021-12-13,127.280000,130.000000,127.030000,128.840000,1458500
2021-12-14,128.760000,130.080000,128.600000,129.670000,942300
2021-12-15,129.050000,133.190000,129.050000,133.190000,1227700
2021-12-16,133.190000,133.930000,125.910000,132.360000,957300
2021-12-17,132.110000,133.680000,130.040000,130.290000,2984600
2021-12-20,134.010000,134.760000,130.290000,134.010000,5033600
2021-12-21,134.010000,137.900000,132.360000,137.820000,7522000
2021-12-22,138.980000,141.460000,137.490000,140.630000,8679300
2021-12-23,140.550000,144.770000,137.820000,141.460000,9870200
2021-12-24,141.460000,144.770000,139.060000,141.460000,7727500
2021-12-27,141.380000,144.770000,139.060000,139.800000,7115800
2021-12-28,140.220000,144.600000,138.320000,141.870000,7688200
2021-12-29,141.870000,144.020000,140.220000,142.290000,6219000
2021-12-30,142.290000,142.950000,139.800000,141.870000,5093400
2021-12-31,140.470000,141.960000,139.560000,141.460000,6544000
2022-01-04,141.460000,141.460000,139.800000,140.630000,998000
2022-01-05,141.460000,141.460000,133.190000,133.190000,1261000
2022-01-06,133.190000,133.190000,127.230000,127.230000,1650400
2022-01-07,128.970000,131.950000,127.400000,127.400000,1307500
2022-01-10,128.970000,128.970000,126.570000,126.570000,445400
2022-01-11,126.570000,127.400000,119.870000,119.870000,1345000
2022-01-12,120.360000,122.270000,119.700000,119.870000,1058300
2022-01-13,119.950000,121.440000,117.140000,119.790000,974500
2022-01-14,117.550000,119.950000,117.550000,119.790000,490800
2022-01-17,119.950000,120.610000,117.880000,118.380000,250300
2022-01-18,115.810000,125.660000,115.400000,117.550000,872600
2022-01-19,116.810000,125.330000,116.810000,122.020000,1268700
2022-01-20,124.090000,124.910000,122.430000,124.750000,473500
2022-01-21,126.070000,126.070000,123.430000,124.910000,869400
2022-01-24,122.680000,124.250000,118.300000,118.300000,952700
2022-01-25,119.120000,126.570000,116.720000,126.570000,1050100
2022-01-26,127.730000,127.730000,121.610000,121.610000,969400
2022-01-27,121.190000,121.190000,117.470000,117.470000,727700
2022-01-28,118.380000,121.770000,118.300000,118.300000,356900
2022-02-07,119.950000,122.850000,118.300000,122.350000,611900
2022-02-08,121.110000,122.180000,119.950000,120.360000,502000
2022-02-09,121.190000,122.850000,119.950000,121.270000,585500
2022-02-10,122.430000,123.760000,121.520000,123.760000,1433500
2022-02-11,124.090000,125.330000,122.520000,123.920000,487500
2022-02-14,122.850000,125.410000,122.520000,125.410000,925700
2022-02-15,125.580000,132.770000,124.090000,132.770000,1575800
2022-02-16,132.360000,132.360000,130.290000,130.790000,823200
2022-02-17,130.700000,134.840000,130.460000,134.840000,1673100
2022-02-18,132.360000,136.500000,131.370000,135.090000,1183000
2022-02-21,135.170000,135.170000,132.440000,132.610000,957200
2022-02-22,129.300000,132.190000,129.300000,130.290000,559100
2022-02-23,130.210000,131.950000,129.460000,130.040000,459600
2022-02-24,129.460000,134.840000,128.720000,131.950000,989000
2022-02-25,133.190000,133.190000,130.700000,130.700000,572500
2022-02-28,130.700000,132.280000,129.050000,129.050000,426900
2022-03-01,129.880000,130.290000,128.640000,129.460000,360000
2022-03-02,128.220000,130.700000,128.220000,129.880000,822900
2022-03-03,131.280000,134.010000,129.630000,131.610000,752900
2022-03-04,131.950000,134.680000,130.700000,133.430000,1197900
2022-03-07,132.110000,134.340000,130.700000,130.870000,942300
2022-03-08,130.700000,132.440000,130.290000,131.370000,634300
2022-03-09,131.120000,132.280000,127.810000,128.640000,875100
2022-03-10,128.800000,130.950000,124.090000,124.090000,1245100
2022-03-11,123.260000,125.330000,117.880000,117.880000,1565500
2022-03-14,117.630000,117.630000,110.930000,112.590000,1649600
2022-03-15,112.090000,116.720000,112.090000,116.720000,1020500
2022-03-16,118.050000,118.050000,115.810000,116.230000,503900
2022-03-17,116.640000,117.720000,114.160000,114.160000,766800
2022-03-18,114.990000,118.050000,113.080000,113.080000,2545700
2022-03-21,114.900000,120.120000,114.820000,119.950000,890400
2022-03-22,120.360000,124.910000,118.300000,122.850000,969400
2022-03-23,121.440000,127.230000,120.030000,121.610000,1396000
2022-03-24,122.760000,124.090000,121.270000,121.270000,760300
2022-03-25,121.610000,122.270000,119.700000,121.110000,545600
2022-03-28,119.950000,120.700000,118.300000,120.450000,630000
2022-03-29,120.780000,121.940000,118.710000,119.120000,595200
2022-03-30,118.380000,120.360000,117.550000,119.120000,675400
2022-03-31,119.040000,119.370000,117.390000,117.630000,589200
2022-04-01,119.120000,122.930000,117.880000,121.190000,808700
2022-04-04,123.260000,128.220000,122.850000,124.090000,1685400
2022-04-05,125.580000,127.230000,124.090000,125.410000,739300
2022-04-06,125.660000,128.220000,124.170000,127.230000,1374300
2022-04-07,128.220000,128.220000,124.910000,124.910000,1113200
2022-04-08,125.330000,125.330000,122.850000,122.850000,1169600
2022-04-12,129.050000,129.050000,122.990000,124.480000,1373600
2022-04-13,125.080000,128.550000,125.080000,125.970000,989500
2022-04-14,126.070000,126.570000,123.590000,124.780000,800000
2022-04-15,125.280000,125.680000,123.190000,124.090000,1015000
2022-04-18,125.580000,125.580000,123.090000,123.090000,890800
2022-04-19,123.990000,124.580000,118.630000,119.620000,943100
2022-04-20,120.510000,124.090000,119.620000,123.390000,1116500
2022-04-21,121.110000,124.090000,121.110000,122.100000,1507800
2022-04-22,122.100000,124.090000,121.610000,122.400000,1750600
2022-04-25,123.690000,123.690000,114.950000,115.150000,1076900
2022-04-26,115.850000,123.190000,108.300000,115.150000,2206600
2022-04-27,115.150000,120.910000,110.190000,118.130000,1241700
2022-04-28,118.130000,119.020000,115.650000,115.650000,837600
2022-04-29,116.150000,117.730000,114.260000,115.150000,1098700
2022-05-04,115.150000,115.950000,112.170000,112.270000,512200
2022-05-05,113.170000,118.130000,112.570000,118.130000,933300
2022-05-06,114.160000,117.630000,114.160000,116.150000,825300
2022-05-09,115.150000,115.350000,110.190000,114.060000,1084200
2022-05-10,113.270000,115.250000,109.390000,115.250000,1088600
2022-05-11,112.870000,114.160000,110.690000,111.080000,990800
2022-05-12,111.080000,111.880000,103.340000,103.340000,1061600
2022-05-13,102.350000,104.230000,96.190000,96.190000,1761600
2022-05-16,98.280000,98.870000,89.540000,89.540000,1052900
2022-05-17,87.360000,95.790000,85.070000,95.790000,1573900
2022-05-18,97.380000,102.450000,92.820000,102.450000,1291600
2022-05-19,101.250000,109.590000,99.270000,109.590000,1722900
2022-05-20,109.000000,110.880000,106.220000,107.010000,930900
2022-05-23,107.810000,108.100000,103.240000,103.740000,700700
2022-05-24,103.740000,109.100000,103.240000,108.200000,829900
2022-05-25,108.200000,112.670000,106.710000,109.690000,829700
2022-05-26,109.690000,109.890000,107.210000,107.810000,834000
2022-05-27,108.010000,111.080000,107.210000,109.200000,771700
2022-05-30,109.200000,109.200000,108.100000,109.200000,671100
2022-05-31,107.210000,111.580000,107.210000,111.580000,1265300
2022-06-01,109.200000,114.160000,109.200000,114.160000,1097900
2022-06-02,114.160000,114.160000,112.080000,113.460000,457800
2022-06-03,113.660000,113.660000,110.690000,111.980000,394800
2022-06-06,111.980000,116.150000,107.210000,116.150000,1729500
2022-06-07,114.260000,117.040000,112.370000,117.040000,1460100
2022-06-08,117.140000,120.610000,117.040000,118.430000,1318800
2022-06-09,117.630000,119.120000,117.240000,117.630000,711400
2022-06-10,114.260000,117.630000,114.260000,116.150000,632500
2022-06-13,112.270000,114.160000,108.200000,108.200000,1101100
2022-06-14,103.340000,109.000000,103.340000,105.520000,1658900
2022-06-15,106.220000,108.200000,103.940000,105.230000,997000
2022-06-16,106.220000,112.570000,106.220000,109.890000,1394900
2022-06-17,107.210000,116.150000,106.520000,116.150000,1627200
2022-06-20,114.160000,116.640000,110.190000,110.190000,862000
2022-06-21,109.990000,112.970000,108.400000,110.190000,954600
2022-06-22,110.190000,113.170000,105.230000,105.230000,802700
2022-06-23,105.230000,109.200000,105.230000,109.200000,397300
2022-06-24,107.710000,109.390000,107.710000,108.700000,543000
2022-06-27,109.000000,112.570000,107.710000,112.170000,882000
2022-06-28,112.170000,113.370000,109.490000,113.170000,1209600
2022-06-29,108.200000,114.160000,108.200000,113.170000,713400
2022-06-30,111.380000,113.370000,110.690000,111.180000,456000
2022-07-01,111.080000,111.180000,108.200000,108.700000,478200
2022-07-04,109.500000,110.000000,107.100000,107.700000,357800
2022-07-05,107.900000,108.500000,102.000000,102.000000,942500
2022-07-06,102.000000,106.200000,100.000000,100.000000,1181300
2022-07-07,100.000000,104.500000,100.000000,103.000000,444900
2022-07-08,103.500000,104.900000,103.500000,104.900000,609700
2022-07-11,101.500000,103.900000,101.500000,102.500000,565100
2022-07-12,103.500000,104.000000,101.500000,102.000000,287100
2022-07-13,100.700000,103.700000,100.700000,101.000000,549100
2022-07-14,101.200000,103.000000,101.100000,102.500000,356200
2022-07-15,101.900000,103.500000,101.000000,101.200000,413900
2022-07-18,101.100000,103.800000,100.500000,102.600000,666600
2022-07-19,102.500000,102.500000,101.000000,102.000000,367200
2022-07-20,102.100000,105.500000,102.000000,103.000000,679400
2022-07-21,103.200000,106.900000,103.000000,105.500000,1032900
2022-07-22,105.100000,109.000000,103.700000,108.500000,1241500
2022-07-25,105.700000,111.300000,105.700000,108.600000,461100
2022-07-26,107.000000,110.000000,107.000000,110.000000,487400
2022-07-27,109.200000,110.000000,108.000000,109.900000,334400
2022-07-28,110.000000,110.500000,108.000000,109.900000,619200
2022-07-29,111.000000,112.000000,106.100000,106.100000,840100
2022-08-01,107.000000,111.000000,106.500000,109.400000,730600
2022-08-02,109.600000,111.000000,107.100000,110.000000,1114600
2022-08-03,109.500000,110.200000,106.800000,110.000000,1452700
2022-08-04,110.000000,110.200000,106.700000,107.900000,1593800
2022-08-05,107.900000,108.000000,104.100000,104.500000,1920800
2022-08-08,104.500000,105.800000,104.500000,104.800000,637400
2022-08-09,106.000000,106.100000,104.500000,105.200000,502900
2022-08-10,105.200000,107.000000,104.700000,105.800000,560100
2022-08-11,106.000000,107.500000,105.300000,106.800000,772100
2022-08-12,106.700000,107.200000,105.700000,107.200000,252200
2022-08-15,107.900000,108.800000,106.500000,108.500000,554600
2022-08-16,108.500000,109.200000,107.100000,109.000000,619600
2022-08-17,109.300000,111.700000,108.500000,111.300000,1170500
2022-08-18,111.500000,114.900000,110.600000,112.000000,1715300
2022-08-19,112.000000,113.900000,110.800000,112.000000,458300
2022-08-22,112.000000,113.800000,111.000000,111.800000,460700
2022-08-23,111.200000,113.000000,111.000000,112.600000,649500
2022-08-24,112.800000,114.000000,111.900000,111.900000,556200
2022-08-25,111.200000,113.400000,111.000000,112.800000,564700
2022-08-26,113.500000,113.500000,112.000000,112.200000,359700
2022-08-29,111.000000,113.800000,111.000000,112.200000,572700
2022-08-30,113.000000,114.800000,112.000000,113.700000,574200
2022-08-31,113.800000,115.500000,113.800000,114.500000,786700
2022-09-05,113.500000,115.800000,113.100000,115.500000,556800
2022-09-06,115.500000,116.600000,114.200000,115.000000,337200
2022-09-07,114.800000,115.400000,112.000000,112.000000,836300
2022-09-08,113.500000,115.000000,112.000000,115.000000,484100
2022-09-09,115.500000,117.000000,114.400000,116.100000,539300
2022-09-12,116.100000,116.500000,114.500000,115.000000,327700
2022-09-13,114.500000,116.400000,114.000000,114.000000,542200
2022-09-14,114.000000,114.000000,112.000000,112.000000,554500
2022-09-15,114.200000,114.500000,111.000000,112.000000,538400
2022-09-16,111.800000,112.800000,109.800000,112.800000,1709700
2022-09-19,111.000000,113.500000,111.000000,112.500000,548800
2022-09-20,112.000000,113.400000,111.800000,113.300000,302800
2022-09-21,113.000000,113.400000,111.100000,112.000000,332400
2022-09-22,110.900000,111.500000,108.100000,110.000000,435200
2022-09-23,109.000000,110.000000,108.300000,108.600000,353900
2022-09-26,107.200000,109.500000,107.000000,107.700000,658100
2022-09-27,106.000000,108.600000,106.000000,107.700000,343300
2022-09-28,105.100000,105.900000,102.100000,102.100000,415600
2022-09-29,102.600000,104.100000,100.000000,100.000000,443000
2022-09-30,98.200000,103.200000,98.200000,99.000000,893200
2022-10-03,97.000000,98.500000,92.200000,94.000000,752700
2022-10-04,93.100000,95.000000,90.400000,90.500000,991500
2022-10-05,93.300000,93.300000,91.000000,91.400000,559600
2022-10-06,91.400000,91.500000,86.000000,86.700000,948300
2022-10-07,84.800000,86.600000,80.700000,81.500000,1461300
2022-10-10,80.000000,87.000000,77.000000,80.500000,1089700
2022-10-11,80.100000,80.100000,74.900000,79.800000,1971900
2022-10-12,81.400000,82.500000,79.800000,81.100000,2400700
2022-10-13,82.000000,82.000000,78.000000,78.700000,1014100
2022-10-14,81.000000,81.000000,79.000000,79.000000,1554200
2022-10-17,78.900000,80.500000,77.000000,79.000000,1481400
2022-10-18,80.000000,83.200000,79.900000,82.000000,1767000
2022-10-19,82.500000,82.500000,79.900000,80.000000,1401200
2022-10-20,79.500000,80.800000,78.500000,80.200000,1683100
2022-10-21,81.000000,81.000000,74.800000,74.800000,1651200
2022-10-24,74.800000,75.800000,69.600000,72.800000,1295700
2022-10-25,72.500000,75.000000,69.100000,75.000000,1850400
2022-10-26,75.000000,78.000000,73.300000,78.000000,1006000
2022-10-27,78.700000,83.000000,77.000000,83.000000,1607900
2022-10-28,83.000000,83.900000,81.500000,83.900000,1768700
2022-10-31,83.900000,86.000000,82.700000,85.500000,1329900
2022-11-01,86.400000,87.200000,83.800000,86.500000,1128600
2022-11-02,86.500000,87.000000,81.000000,81.000000,893000
2022-11-03,80.000000,85.400000,79.900000,85.400000,737800
2022-11-04,84.000000,85.400000,81.000000,84.300000,952900
2022-11-07,84.300000,88.000000,82.500000,84.500000,1266700
2022-11-08,84.000000,87.800000,81.000000,86.000000,1180600
2022-11-09,86.500000,87.500000,84.500000,87.000000,1227900
2022-11-10,87.000000,87.100000,81.000000,81.000000,1015300
2022-11-11,82.000000,86.600000,82.000000,86.500000,1055100
2022-11-14,85.500000,92.500000,84.100000,89.100000,1292200
2022-11-15,89.100000,89.800000,85.800000,89.400000,1067100
2022-11-16,85.500000,90.900000,84.500000,90.900000,1308900
2022-11-17,90.500000,97.000000,90.200000,97.000000,1525000
2022-11-18,97.100000,97.500000,91.500000,95.200000,1016400
2022-11-21,95.200000,95.200000,93.400000,95.100000,633400
2022-11-22,93.600000,98.000000,88.500000,91.800000,1395000
2022-11-23,88.600000,92.900000,88.300000,92.900000,834200
2022-11-24,91.500000,91.500000,88.000000,89.000000,1043500
2022-11-25,90.000000,94.500000,90.000000,94.000000,923100
2022-11-28,94.000000,97.200000,93.500000,97.200000,2126900
2022-11-29,97.200000,99.000000,95.500000,99.000000,2170100
2022-11-30,99.500000,102.000000,92.900000,102.000000,1501800
2022-12-01,102.000000,102.000000,99.000000,99.000000,1543500
2022-12-02,99.000000,103.900000,98.400000,103.900000,1435000
2022-12-05,102.900000,110.000000,102.500000,105.000000,1024200
2022-12-06,105.500000,105.500000,101.600000,102.000000,1097400
2022-12-07,102.000000,106.000000,100.000000,100.000000,734100
2022-12-08,103.800000,105.000000,96.000000,96.000000,903000
2022-12-09,99.000000,101.900000,96.100000,97.000000,1175300
2022-12-12,100.000000,100.000000,96.000000,97.000000,913300
2022-12-13,96.900000,97.500000,95.800000,97.000000,1493100
2022-12-14,98.500000,98.500000,95.100000,96.000000,1028300
2022-12-15,97.000000,99.000000,95.100000,98.200000,687600
2022-12-16,98.000000,98.000000,93.500000,93.500000,2672500
2022-12-19,94.200000,95.300000,92.500000,95.000000,1257100
2022-12-20,93.400000,95.000000,92.100000,94.000000,568100
2022-12-21,94.700000,94.900000,93.000000,94.900000,582500
2022-12-22,95.000000,95.600000,93.000000,94.400000,371000
2022-12-23,92.500000,95.200000,91.400000,95.000000,552900
2022-12-26,95.000000,95.000000,91.500000,91.500000,613800
2022-12-27,91.500000,95.800000,91.200000,91.600000,617300
2022-12-28,91.700000,96.000000,91.100000,93.000000,661400
2022-12-29,92.500000,95.800000,92.500000,94.000000,629600
2022-12-30,96.000000,96.000000,93.000000,93.000000,453200
2023-01-03,95.000000,96.000000,93.000000,96.000000,740400
2023-01-04,97.000000,99.300000,95.000000,99.300000,549400
2023-01-05,100.000000,100.100000,98.000000,99.500000,684600
2023-01-06,99.500000,99.500000,95.000000,95.800000,541300
2023-01-09,96.700000,97.300000,95.500000,96.500000,398200
2023-01-10,96.500000,96.900000,93.600000,95.400000,613400
2023-01-11,96.000000,96.300000,94.300000,96.000000,556800
2023-01-12,96.100000,96.300000,93.000000,93.300000,537400
2023-01-13,94.100000,95.000000,93.400000,95.000000,319700
2023-01-16,95.000000,96.000000,93.700000,94.900000,339600
2023-01-17,94.700000,97.500000,93.300000,97.500000,600000
2023-01-18,97.500000,99.900000,96.100000,99.900000,620900
2023-01-19,98.300000,102.000000,95.300000,102.000000,1021900
2023-01-27,102.000000,106.000000,101.900000,103.700000,741600
2023-01-30,105.000000,105.400000,102.000000,102.000000,330200
2023-01-31,100.100000,102.000000,100.100000,101.100000,354700
2023-02-01,100.200000,101.800000,95.100000,95.200000,958200
2023-02-02,97.900000,97.900000,95.000000,96.700000,736900
2023-02-03,95.600000,96.700000,93.600000,96.500000,567900
2023-02-06,94.200000,96.300000,93.500000,96.300000,685600
2023-02-07,96.000000,96.000000,93.300000,94.100000,857100
2023-02-08,94.100000,95.500000,93.500000,93.500000,446700
2023-02-09,93.500000,94.500000,91.800000,91.800000,773600
2023-02-10,91.800000,92.000000,89.500000,91.200000,680900
2023-02-13,91.200000,92.900000,90.100000,92.900000,468600
2023-02-14,92.900000,93.400000,91.600000,92.900000,392700
2023-02-15,92.000000,93.300000,92.000000,93.000000,617800
2023-02-16,93.000000,93.400000,92.100000,92.900000,379900
2023-02-17,93.000000,93.000000,91.100000,91.300000,279500
2023-02-20,91.400000,94.500000,91.400000,94.500000,685100
2023-02-21,94.000000,94.800000,93.200000,93.800000,258400
2023-02-22,93.000000,93.300000,91.000000,91.000000,784400
2023-02-23,91.500000,91.500000,87.000000,87.600000,672900
2023-02-24,88.800000,88.800000,84.900000,85.900000,716200
